Accounting = accounts.htm
Advertising = advertis.htm
African American Studies = aframstu.htm
African Studies = afrstudi.htm
Agricultural and Biological Engineering = agribioe.htm
Agricultural Education and Communication = agriedco.htm
Agricultural Operations Management = agriopma.htm
Agriculture = agriture.htm
Agronomy = agronomy.htm
Animal Sciences = animalsc.htm
Anthropology = anthropo.htm
Applied Physiology and Kinesiology = applyphys.htm
Architecture = architec.htm
Art and Art History = arthisto.htm
Astronomy = astronom.htm
Biology - Biological Sciences = bibozobi.htm
Biology - Botany = bibozobo.htm
Biology - Zoology = bibozozo.htm
Biomedical Engineering = biomedeg.htm
Biostatistics = biostati.htm
Business Administration - General = business.htm
Chemical Engineering = chemical.htm
Chemistry = chemistr.htm
Civil and Coastal Engineering = civcseng.htm
Classics = classicc.htm
Classics - Greek = classicg.htm
Classics - Latin = classicl.htm
Clinical and Health Psychology = clinicap.htm
Computer and Information Science and Engineering = computer.htm
Construction Management = construc.htm
Dentistry - Oral Diagnostics Sciences = denodiag.htm
Design, Construction and Planning = desconpl.htm
Digital Worlds Institute = digworld.htm
Economics = economic.htm
Education - Human Development and and Organizational Studies = educahdo.htm
Education - Special Education, School Psychology and Early Childhood Studies = educasep.htm
Education - Teaching and Learning = educattl.htm
Electrical and Computer Engineering = electric.htm
Engineering - General = engingen.htm
English = englishs.htm
Entomology and Nematology = entomolo.htm
Environmental and Global Health = envglohe.htm
Environmental Engineering Science = environm.htm
Environmental Horticulture = envrhort.htm
Epidemiology = epidemio.htm
European Studies = european.htm
Family Youth and Community Sciences = famscien.htm
Finance, Insurance and Real Estate = finances.htm
Fine Arts = finearts.htm
First Year Florida = firstyrf.htm
Fisheries and Aquatic Sciences = fishsfrc.htm
Flexible Learning = flexlear.htm
Food and Resource Economics = foodreso.htm
Food Science and Human Nutrition foodscie.htm
Forest Resources and Conservation = forresco.htm
Forest Resources and Conservation - Geomatics = geomatic.htm
Geography = geograph.htm
Geological Sciences = geoscien.htm
Health Education and Behavior = healthed.htm
Health Outcomes and Policy = healthop.htm
Health Professions = healthpr.htm
Health Services Administration = healthsa.htm
History = historys.htm
Honors Program = honorspr.htm
Horticultural Sciences = horticul.htm
Industrial and Systems Engineering = industri.htm
Information System and Operations Management = informat.htm
Innovation Academy = innovati.htm
Interdisciplinary Studies = interdis.htm
Interior Design = interior.htm
Jewish Studies = jewishst.htm
Journalism = journali.htm
Landscape Architecture = landscap.htm
Languages Lit/Culture = langaaaa.htm
Languages LIT/Culture = langaaaa.htm
Languages, LIT/Culture = langaaaa.htm
Languages, Literatures and Cultures - Akan = langakan.htm
Languages, Literatures and Cultures - Ahmaric = langamha.htm
Languages, Literatures and Cultures - Arabic = langarab.htm
Languages, Literatures and Cultures - Chinese = langchin.htm
Languages, Literatures and Cultures - Czech = langczec.htm
Languages, Literatures and Cultures - Dutch = langdutc.htm
Languages, Literatures and Cultures - French = langfren.htm
Languages, Literatures and Cultures - German = langgerm.htm
Languages, Literatures and Cultures - Haitian/Creole = langhait.htm
Languages, Literatures and Cultures - Haitian Creole = langhait.htm
Languages, Literatures and Cultures - Hebrew = langhebr.htm
Languages, Literatures and Cultures - Italian = langital.htm
Languages, Literatures and Cultures - Japanese = langjapa.htm
Languages, Literatures and Cultures - Polish = langpoli.htm
Languages, Literatures and Cultures - Russian = langruss.htm
Languages, Literatures and Cultures - Swahili = langswah.htm
Languages, Literatures and Cultures - Yoruba = langyoru.htm
Latin American Studies = latiname.htm
Law = lawschoo.htm
Law - Taxation = lawtaxat.htm
Management = manageme.htm
Marketing = marketin.htm
Mass Communication = masscomm.htm
Materials Science and Engineering = material.htm
Mathematics = mathemat.htm
Mechanical and Aeroscape Engineering = mechaero.htm
Mechanical/Aerospace Engineering = mechaero.htm
Medicine = mediaaaa.htm
Medicine - Aging and Geriatric Res = mediagin.htm
Medicine - Anatomy = medianat.htm
Medicine - Anesthesiology = medianes.htm
Medicine - Biochemistry = medibioc.htm
Medicine - Community Health and Family Md = medicomm.htm
Medicine - Emergency Medicine = mediemrg.htm
Medicine - General = medigene.htm
Medicine - Molecular Genetics and Microbiology = medimole.htm
Medicine - Neurology = medineur.htm
Medicine - Neuroscience = medineus.htm
Medicine - Neurosurgery = medinsur.htm
Medicine - Obstetrics and Gynecology = mediobst.htm
Medicine - Ophthalmology = mediopht.htm
Medicine - Orthopaedics and Rehab = mediortr.htm
Medicine - Pathology, Immunology & Lab Medicine = medipath.htm
Medicine - Pediatrics = medipedi.htm
Medicine - Pharmacology = mediphar.htm
Medicine - Physician Assistant = mediphas.htm
Medicine - Physiology = mediphys.htm
Medicine - Psychiatry = medipsyc.htm
Medicine - Radiology = mediradi.htm
Medicine - Radiation Oncology = mediraon.htm
Medicine - Surgery = medisurg.htm
Medieval and Early Modern Studies = medievals.htm
Microbiology and Cell Science = microbio.htm
Military Science - Air Force = miliafor.htm
Military Science - Army = miliarmy.htm
Military Science - Navy = milinavy.htm
Music = musicapp.htm
Natural Resources and Environment = natresou.htm
Nuclear and Radiological Engineering = nuclearr.htm
Nursing = nursings.htm
Occupational Therapy = occupati.htm
Packaging Sciences = packagsc.htm
Pharmacy - Pharmaceutical Outcome and Policy = pharceop.htm
Pharmacy - Pharmaceutics = pharcets.htm
Pharmacy - Pharmacodynamics = phardyna.htm
Pharmacy - Pharmacotherapy and Translational Research = pharprac.htm
Philosophy = philosop.htm
Physical Therpay = physical.htm
Physics = physicss.htm
Plant Pathology = plantpat.htm
Political Science = politica.htm
Psychology = psycholo.htm
Public Health = publeat.htm
Public Relations = publicre.htm
Rehabilitation Science = rehbsci2.htm
Religion = religion.htm
Sociology, Crimininology and Law - Criminology = soccrimi.htm
Sociology, Crimininology and Law - Criminology = soccrimi.htm
Sociology, Crimininology and Law - Sociology = socsocio.htm
Soil and Water Science = soilwatr.htm
Spanish and Portuguese - Portuguese = spaporpo.htm
Spanish and Portuguese - Spanish = spaporsp.htm
Speech, Language and Hearing Sciences = speechlh.htm
Statistics = statisti.htm
Telecommunication = telecomm.htm
Theatre and Dance = theadanc.htm
Tourism, Recreation and Sport Management = tourismr.htm
Urban and Regional Planning = urbanreg.htm
Veterinary Medical Sciences = veterina.htm
Wildlife Ecology and Conservation = wildlife.htm
Women's Studies = womenstu.htm
Writing Program = writprog.htm
Center for Written and Oral Communication = writtenc.htm
Written & Oral Communications = writtenc.htm
Written and Oral Communication = writtenc.htm
